{
  "c = (1, 0)  [\u03b2\u2081]": {
    "target": 1.0,
    "rho_results": [
      {
        "rho": 0.0,
        "hc": {
          "coverage": 0.9405,
          "mean_width": 0.18179365156993862,
          "median_width": 0.18141032146556857,
          "valid_sims": 2000
        },
        "hac": {
          "coverage": 0.938,
          "mean_width": 0.1816467655712569,
          "median_width": 0.18059647815476065,
          "valid_sims": 2000
        },
        "hulc_raw": {
          "coverage": 0.988,
          "mean_width": 0.4385119871489216,
          "median_width": 0.4231655472387117,
          "valid_sims": 2000
        },
        "hulc_diff": {
          "coverage": 0.9925,
          "mean_width": 0.914980737922573,
          "median_width": 0.8879924844996924,
          "valid_sims": 2000
        }
      },
      {
        "rho": 0.3,
        "hc": {
          "coverage": 0.8785,
          "mean_width": 0.18157548458005646,
          "median_width": 0.18159437689529861,
          "valid_sims": 2000
        },
        "hac": {
          "coverage": 0.9435,
          "mean_width": 0.2316022163398145,
          "median_width": 0.23013379537739026,
          "valid_sims": 2000
        },
        "hulc_raw": {
          "coverage": 0.9935,
          "mean_width": 0.5446480855134701,
          "median_width": 0.5268186537835371,
          "valid_sims": 2000
        },
        "hulc_diff": {
          "coverage": 0.9925,
          "mean_width": 0.765707838388269,
          "median_width": 0.7449662018674523,
          "valid_sims": 2000
        }
      },
      {
        "rho": 0.5,
        "hc": {
          "coverage": 0.8005,
          "mean_width": 0.18043906972882875,
          "median_width": 0.1797988580358647,
          "valid_sims": 2000
        },
        "hac": {
          "coverage": 0.9375,
          "mean_width": 0.27283084659114726,
          "median_width": 0.2708858339854505,
          "valid_sims": 2000
        },
        "hulc_raw": {
          "coverage": 0.992,
          "mean_width": 0.6408706227106512,
          "median_width": 0.6260691621930824,
          "valid_sims": 2000
        },
        "hulc_diff": {
          "coverage": 0.9945,
          "mean_width": 0.6489869625151748,
          "median_width": 0.63615296924364,
          "valid_sims": 2000
        }
      },
      {
        "rho": 0.7,
        "hc": {
          "coverage": 0.7055,
          "mean_width": 0.18009333660871515,
          "median_width": 0.17915434792532034,
          "valid_sims": 2000
        },
        "hac": {
          "coverage": 0.943,
          "mean_width": 0.33585442860255843,
          "median_width": 0.33049366383281353,
          "valid_sims": 2000
        },
        "hulc_raw": {
          "coverage": 0.992,
          "mean_width": 0.7599658884246105,
          "median_width": 0.7450855595870658,
          "valid_sims": 2000
        },
        "hulc_diff": {
          "coverage": 0.9935,
          "mean_width": 0.5014091224002512,
          "median_width": 0.49170299463987255,
          "valid_sims": 2000
        }
      },
      {
        "rho": 0.9,
        "hc": {
          "coverage": 0.5455,
          "mean_width": 0.17608056752468645,
          "median_width": 0.17466248287902547,
          "valid_sims": 2000
        },
        "hac": {
          "coverage": 0.931,
          "mean_width": 0.424382247743787,
          "median_width": 0.41739332543498503,
          "valid_sims": 2000
        },
        "hulc_raw": {
          "coverage": 0.994,
          "mean_width": 0.9386008958692269,
          "median_width": 0.9070858365932328,
          "valid_sims": 2000
        },
        "hulc_diff": {
          "coverage": 0.992,
          "mean_width": 0.28095150664301666,
          "median_width": 0.2727516155108475,
          "valid_sims": 2000
        }
      },
      {
        "rho": 0.95,
        "hc": {
          "coverage": 0.468,
          "mean_width": 0.17476653722690624,
          "median_width": 0.17239603518704838,
          "valid_sims": 2000
        },
        "hac": {
          "coverage": 0.892,
          "mean_width": 0.45575253719102155,
          "median_width": 0.44499795419187244,
          "valid_sims": 2000
        },
        "hulc_raw": {
          "coverage": 0.99,
          "mean_width": 1.0717072782450503,
          "median_width": 1.041942948773519,
          "valid_sims": 2000
        },
        "hulc_diff": {
          "coverage": 0.9935,
          "mean_width": 0.20011045232979832,
          "median_width": 0.195477651192685,
          "valid_sims": 2000
        }
      },
      {
        "rho": 0.99,
        "hc": {
          "coverage": 0.346,
          "mean_width": 0.16545441573755387,
          "median_width": 0.15818500299014196,
          "valid_sims": 2000
        },
        "hac": {
          "coverage": 0.8055,
          "mean_width": 0.4554189464619453,
          "median_width": 0.4331031068966408,
          "valid_sims": 2000
        },
        "hulc_raw": {
          "coverage": 0.9945,
          "mean_width": 1.2224170098323188,
          "median_width": 1.1691417843663081,
          "valid_sims": 2000
        },
        "hulc_diff": {
          "coverage": 0.994,
          "mean_width": 0.08852568080533402,
          "median_width": 0.08592287849691882,
          "valid_sims": 2000
        }
      },
      {
        "rho": 1.0,
        "hc": {
          "coverage": 0.189,
          "mean_width": 2.392444061364235,
          "median_width": 2.0368151163749317,
          "valid_sims": 2000
        },
        "hac": {
          "coverage": 0.6765,
          "mean_width": 6.753847776158273,
          "median_width": 5.761790440399341,
          "valid_sims": 2000
        },
        "hulc_raw": {
          "coverage": 0.9955,
          "mean_width": 18.92536126740759,
          "median_width": 16.65874893259853,
          "valid_sims": 2000
        },
        "hulc_diff": {
          "coverage": 0.9935,
          "mean_width": 0.6311460608075837,
          "median_width": 0.6156075920399919,
          "valid_sims": 2000
        }
      }
    ]
  },
  "c = (0, 1)  [\u03b2\u2082]": {
    "target": -2.0,
    "rho_results": [
      {
        "rho": 0.0,
        "hc": {
          "coverage": 0.947,
          "mean_width": 0.16086925665822865,
          "median_width": 0.16062910618120643,
          "valid_sims": 2000
        },
        "hac": {
          "coverage": 0.9485,
          "mean_width": 0.1606431530241757,
          "median_width": 0.15949517768287602,
          "valid_sims": 2000
        },
        "hulc_raw": {
          "coverage": 0.9955,
          "mean_width": 0.3771661015183795,
          "median_width": 0.3664996879627498,
          "valid_sims": 2000
        },
        "hulc_diff": {
          "coverage": 0.99,
          "mean_width": 0.8921100979266323,
          "median_width": 0.8756326265597845,
          "valid_sims": 2000
        }
      },
      {
        "rho": 0.3,
        "hc": {
          "coverage": 0.864,
          "mean_width": 0.16063927503058767,
          "median_width": 0.16035544373610278,
          "valid_sims": 2000
        },
        "hac": {
          "coverage": 0.951,
          "mean_width": 0.2070834874386058,
          "median_width": 0.20570182828588024,
          "valid_sims": 2000
        },
        "hulc_raw": {
          "coverage": 0.996,
          "mean_width": 0.48150843619692885,
          "median_width": 0.4702939082819956,
          "valid_sims": 2000
        },
        "hulc_diff": {
          "coverage": 0.992,
          "mean_width": 0.7370666381044331,
          "median_width": 0.7207412437868442,
          "valid_sims": 2000
        }
      },
      {
        "rho": 0.5,
        "hc": {
          "coverage": 0.7845,
          "mean_width": 0.16016958704463843,
          "median_width": 0.15960304609489412,
          "valid_sims": 2000
        },
        "hac": {
          "coverage": 0.931,
          "mean_width": 0.24919829069500327,